date,cash,value,rev
2020-01-02,14579059.597204797,-318905585.0845752,-160.4527925422876
2020-01-03,14579059.597204797,-323188851.19989526,0.013431141741164998
2020-01-06,14579059.597204797,-306194983.7315952,-0.05258184929711318
2020-01-07,14579059.597204797,-296313489.1846552,-0.03227190212757358
2020-01-08,14579059.597204797,-247837588.94259518,-0.16359667045684523
2020-01-09,14579059.597204797,-275212509.8808551,0.11045508090623235
2020-01-10,14579059.597204797,-275725417.1437552,0.0018636771385216466
2020-01-13,14579059.597204797,-281914513.5329751,0.022446593619597444
2020-01-14,14579059.597204797,-238454775.79759526,-0.15415927754388703
2020-01-15,14579059.597204797,-268343856.2718351,0.12534485993943867
2020-01-16,14579059.597204797,-242779889.88785517,-0.09526570400808188
2020-01-17,14579059.597204797,-230010284.13817522,-0.05259746083408512
2020-01-20,64219067.120884895,-36864870.643395096,-0.8397251201983252
2020-01-21,64219067.120884895,-12975778.138195068,-0.6480178036235731
2020-01-22,64219067.120884895,20074444.988044947,-2.547070609118576
2020-01-23,64219067.120884895,11378909.424764857,-0.43316443211548783
2020-02-03,64219067.120884895,27905412.937244877,1.4523802673489983
2020-02-04,64219067.120884895,80368780.08016486,1.880042673473505
2020-02-05,220983907.4478054,-27824612.586134613,-1.3462117075608289
2020-02-06,220983907.4478054,-36625867.21671456,0.31631184812850677
2020-02-07,220983907.4478054,-51130455.277674615,0.3960203310719357
2020-02-10,220983907.4478054,-51442644.26277456,0.006105734506069549
2020-02-11,220983907.4478054,-51053241.15517455,-0.0075696557434118406
2020-02-12,220983907.4478054,-58403921.53285462,0.14398067999909991
2020-02-13,220983907.4478054,-56591628.38197462,-0.03103033329466587
2020-02-14,220983907.4478054,-56260558.04685457,-0.005850164495805554
2020-02-17,220983907.4478054,-63006029.658854574,0.1198969908258336
2020-02-18,220983907.4478054,-69381888.46055454,0.10119442275956736
2020-02-19,220983907.4478054,-64973986.97885454,-0.06353101046256493
2020-02-20,221765300.54471922,73126480.7704592,-2.1254731958230892
2020-02-21,221765300.54471922,67447646.7877393,-0.07765769558288338
2020-02-24,221765300.54471922,57068624.84253931,-0.15388263993647144
2020-02-25,221765300.54471922,53246453.066639185,-0.06697501098801761
2020-02-26,221765300.54471922,61487443.07995924,0.15477068496949964
2020-02-27,221765300.54471922,54368675.05103916,-0.11577596452763084
2020-02-28,221765300.54471922,70336856.69679923,0.29370187209399123
2020-03-02,221765300.54471922,53749732.40159918,-0.23582407679521544
2020-03-03,221765300.54471922,49128673.37615919,-0.08597361919707913
2020-03-04,221765300.54471922,20588538.818819255,-0.5809262208002076
2020-03-05,221765300.54471922,35250756.205619246,0.7121543454748609
2020-03-06,221765300.54471922,35414110.72391927,0.004634071318844191
2020-03-09,377538098.19871944,343424712.6226795,8.697397607974517
2020-03-10,377538098.19871944,336810855.0959594,-0.019258536976593965
2020-03-11,377538098.19871944,332291016.0926595,-0.013419517022431493
2020-03-12,377538098.19871944,342921184.5544795,0.03199053825414211
2020-03-13,377538098.19871944,348368381.7800795,0.01588469150040117
2020-03-16,377538098.19871944,343802980.24911946,-0.013105097275567634
2020-03-17,377538098.19871944,346270429.5676195,0.007176928241611202
2020-03-18,377538098.19871944,339942592.46851945,-0.01827426357775186
2020-03-19,377538098.19871944,334593583.3456195,-0.015735036566197014
2020-03-20,377538098.19871944,331616212.2109195,-0.008898470511386147
2020-03-23,377538098.19871944,327229934.0027395,-0.013226971561300482
2020-03-24,377538098.19871944,313127751.80917954,-0.04309563621230905
2020-03-25,377538098.19871944,318285759.4133995,0.016472534211414258
2020-03-26,377538098.19871944,305932126.6207595,-0.03881302391727415
2020-03-27,377538098.19871944,290592613.0353396,-0.050140250894392335
2020-03-30,377538098.19871944,312340512.1857195,0.07483982102371978
2020-03-31,377538098.19871944,298748794.4470795,-0.04351570548286188
2020-04-01,377538098.19871944,306710910.1241995,0.026651540776444715
2020-04-02,377538098.19871944,312611593.91891944,0.019238584608322284
2020-04-03,377538098.19871944,321679390.4099995,0.02900659050230847
2020-04-07,377538098.19871944,314178151.3747796,-0.0233189917005846
2020-04-08,377538098.19871944,319136168.69521946,0.015780910603568676
2020-04-09,377538098.19871944,313099282.0375595,-0.018916334937345458
2020-04-10,377538098.19871944,315145086.8137995,0.006534044929539462
2020-04-13,377538098.19871944,313590284.29331946,-0.004933608631502051
2020-04-14,377538098.19871944,313767912.21771944,0.0005664331240371467
2020-04-15,377538098.19871944,311218156.3832195,-0.00812624788965266
2020-04-16,377538098.19871944,315193401.0849995,0.012773177336366848
2020-04-17,377538098.19871944,316583164.8134995,0.00440924119513908
2020-04-20,377538098.19871944,316791884.8224795,0.0006592896659647351
2020-04-21,377538098.19871944,306504412.93109953,-0.03247391231989649
2020-04-22,377538098.19871944,315404410.8416995,0.029037095503746002
2020-04-23,377538098.19871944,322797270.9584995,0.023439304786737614
2020-04-24,377538098.19871944,322969118.3173195,0.0005323693050742762
2020-04-27,377538098.19871944,335523975.9297995,0.03887324484115151
2020-04-28,377538098.19871944,336407719.8669395,0.0026339218671063147
2020-04-29,377538098.19871944,346581104.8722595,0.03024123527647915
2020-04-30,377538098.19871944,350277915.79333955,0.010666510288962705
2020-05-06,377538098.19871944,346843990.2617195,-0.009803431437698795
2020-05-07,377538098.19871944,344638544.11671954,-0.00635861138414362
2020-05-08,377538098.19871944,342240148.21053946,-0.006959163294770088
2020-05-11,377538098.19871944,353584020.3002195,0.03314594196207943
2020-05-12,377538098.19871944,359439424.18561953,0.016560148505660344
2020-05-13,377538098.19871944,369821402.3275395,0.02888380473411445
2020-05-14,377538098.19871944,369263706.1089395,-0.001508014990722617
2020-05-15,377538098.19871944,367374319.94893944,-0.005116631092476398
2020-05-18,377538098.19871944,367425654.8709595,0.0001397346500082719
2020-05-19,377538098.19871944,362932794.8002595,-0.012227943289038867
2020-05-20,377538098.19871944,373551292.58145946,0.029257476682546413
2020-05-21,377538098.19871944,383618826.6273595,0.026950874607680975
2020-05-22,377538098.19871944,367810779.0831595,-0.04120769484432962
2020-05-25,378041427.72555727,251156792.1287573,-0.3171576081733797
2020-05-26,378041427.72555727,259859353.5222574,0.03464991458020639
2020-05-27,378041427.72555727,243504607.2714573,-0.0629369157935632
2020-05-28,378041427.72555727,245281833.45085728,0.007298532045509676
2020-05-29,378041427.72555727,237050317.06855726,-0.033559421284859337
2020-06-01,378041427.72555727,251981422.16365734,0.06298707076093835
2020-06-02,378041427.72555727,258981556.68455732,0.027780359602675553
2020-06-03,378041427.72555727,257667221.0310573,-0.005075016423277234
2020-06-04,378041427.72555727,276522927.5255573,0.07317852235549682
2020-06-05,378041427.72555727,278972728.2524573,0.008859304177132321
2020-06-08,378041427.72555727,283961355.7775574,0.017882133340953565
2020-06-09,378041427.72555727,287446180.6529573,0.012272180014979872
2020-06-10,378041427.72555727,286058737.0132573,-0.0048267944856609235
2020-06-11,378041427.72555727,286708058.0947574,0.0022698872556021765
2020-06-12,378041427.72555727,282495629.6664573,-0.014692396357091075
2020-06-15,378041427.72555727,300769662.6617573,0.06468784319557841
2020-06-16,378041427.72555727,295754283.42405725,-0.016675149991241978
2020-06-17,378041427.72555727,271864690.5639573,-0.08077513733198138
2020-06-18,436572634.82421726,430260745.2939373,0.5826282714441606
2020-06-19,436572634.82421726,429136203.8599572,-0.002613627774041727
2020-06-22,436572634.82421726,426586966.06323725,-0.005940393221989471
2020-06-23,436572634.82421726,421450177.4251572,-0.012041597720354624
2020-06-24,436572634.82421726,421346478.0931573,-0.0002460535967345745
2020-06-29,436572634.82421726,410909726.7383773,-0.024769997845982994
2020-06-30,436572634.82421726,408108900.2974573,-0.006816159994925686
2020-07-01,436572634.82421726,409388552.3041573,0.0031355650557176595
2020-07-02,436572634.82421726,412489541.2005373,0.007574683949824079
2020-07-03,436572634.82421726,409944644.58135724,-0.0061696027777413676
2020-07-06,436572634.82421726,410909337.04431725,0.002353226162876698
2020-07-07,436572634.82421726,411843129.99501723,0.0022725036072841487
2020-07-08,436572634.82421726,407799920.3745972,-0.009817353564860909
2020-07-09,436572634.82421726,418942896.1052773,0.02732461477786563
2020-07-10,436572634.82421726,418792255.23909736,-0.0003595737452057879
2020-07-13,436572634.82421726,422145952.0565772,0.008008020147280748
2020-07-14,436572634.82421726,418978776.4421772,-0.007502560664079394
2020-07-15,436572634.82421726,417743538.1032973,-0.0029482121967349117
2020-07-16,436572634.82421726,421746681.84166926,0.009582778363365296
2020-07-17,436572634.82421726,430573903.6108693,0.020930151081814286
2020-07-20,436572634.82421726,428831135.38209724,-0.00404754727157608
2020-07-21,437030335.30053,310142990.94151205,-0.2767712851232961
2020-07-22,437030335.30053,271416442.01696706,-0.12486675519244017
2020-07-23,437030335.30053,272085579.68914807,0.002465354225442251
2020-07-24,437030335.30053,273985342.134531,0.006982223929520304
2020-07-27,437030335.30053,263083114.17280212,-0.03979128181381231
2020-07-28,437030335.30053,267542427.7678291,0.01695020833643457
2020-07-29,437030335.30053,287313797.7230791,0.07389994222676122
2020-07-30,437030335.30053,303621966.76917905,0.05676082797046256
2020-07-31,437030335.30053,303964815.30437714,0.0011291954230001622
2020-08-03,437030335.30053,301510674.1170751,-0.008073767303773627
2020-08-04,437030335.30053,297830133.1833751,-0.012207000446925576
2020-08-05,437030335.30053,302903107.827075,0.017033114109298086
2020-08-06,437030335.30053,289210087.7784691,-0.045205941090651236
2020-08-07,437030335.30053,303085419.2423041,0.04797665105811699
2020-08-10,437030335.30053,300462338.81075406,-0.008654591296762382
2020-08-11,437030335.30053,309639908.30166006,0.030544824776480572
2020-08-12,437030335.30053,327938888.00291395,0.0590976137463084
2020-08-13,437030335.30053,323500087.78871393,-0.013535449367507058
2020-08-14,437030335.30053,316190030.445612,-0.022596770817188472
2020-08-17,437030335.30053,314370171.4038061,-0.005755586408721203
2020-08-18,437030335.30053,308621973.4872061,-0.018284807018845495
2020-08-19,437030335.30053,306844166.24616003,-0.005760468773360894
2020-08-20,437030335.30053,333926211.67956,0.08825993260590104
2020-08-21,437030335.30053,344947541.93813705,0.03300528641684841
2020-08-24,437030335.30053,344333791.2167371,-0.0017792581386477657
2020-08-25,437030335.30053,336283369.7216311,-0.023379702197275032
2020-08-26,437030335.30053,315879108.582927,-0.060675795997864435
2020-08-27,437030335.30053,322289021.43270004,0.020292297513845536
2020-08-28,437030335.30053,325339437.0178021,0.009464844851189147
2020-08-31,437030335.30053,331655661.736029,0.01941426092122156
2020-09-01,437030335.30053,330883251.48350406,-0.0023289524095015945
2020-09-02,437030335.30053,336241454.25247514,0.016193635504208048
2020-09-03,437030335.30053,337183125.0776041,0.0028005792064589308
2020-09-04,437030335.30053,344709880.718508,0.02232245649651521
2020-09-07,437030335.30053,360849750.38970613,0.04682160440993588
2020-09-08,437030335.30053,368686656.947706,0.021717921515911343
2020-09-09,530909499.1499942,283865478.9550862,-0.23006305325731036
2020-09-10,530909499.1499942,292093406.74936223,0.02898530608428751
2020-09-11,530909499.1499942,292234725.2289182,0.0004838126307904478
2020-09-14,530909499.1499942,290415547.4212742,-0.0062250569511168585
2020-09-15,530909499.1499942,288871348.4326742,-0.005317204957901112
2020-09-16,530909499.1499942,288025553.1879302,-0.0029279305453207005
2020-09-17,530909499.1499942,291290474.4094742,0.011335526259413697
2020-09-18,530909499.1499942,287261918.7337742,-0.01383002888737439
2020-09-21,530909499.1499942,285094358.3952302,-0.007545588876167186
2020-09-22,530909499.1499942,289281369.38071823,0.014686404210368709
2020-09-23,530909499.1499942,291380559.3226743,0.007256568048090717
2020-09-24,530909499.1499942,296601365.05350626,0.01791748132740212
2020-09-25,530909499.1499942,296422159.1352062,-0.0006041978878542631
2020-09-28,530909499.1499942,298046382.07575023,0.0054794248354528285
2020-09-29,530909499.1499942,298263386.7493502,0.0007280902794009059
2020-09-30,530909499.1499942,299138258.1608942,0.0029332175869083432
2020-10-09,530909499.1499942,294711936.2014622,-0.014796910253623508
2020-10-12,530909499.1499942,288745143.3027302,-0.020246186753200113
2020-10-13,530909499.1499942,286813170.43383026,-0.006690927669991686
2020-10-14,530909499.1499942,291191891.2795742,0.015266805353187696
2020-10-15,530909499.1499942,290164839.3858182,-0.003527062135016523
2020-10-16,530909499.1499942,292795790.0926623,0.009067089976900533
2020-10-19,530909499.1499942,291820322.7075183,-0.003331562195055038
2020-10-20,530909499.1499942,290478407.12941825,-0.004598430862010172
2020-10-21,530909499.1499942,292496441.4966183,0.006947278412680502
2020-10-22,530909499.1499942,292225933.9191183,-0.0009248234820085077
2020-10-23,530909499.1499942,292243720.6174623,6.086625545331792e-05
2020-10-26,530909499.1499942,295192453.81560624,0.010089979664622994
2020-10-27,530909499.1499942,292480872.11941826,-0.009185809668026845
2020-10-28,530909499.1499942,293377539.5148182,0.0030657300386940367
2020-10-29,530909499.1499942,294508939.0495622,0.003856462688367701
2020-10-30,582522739.9010881,476644106.79366606,0.6184368064748376
2020-11-02,582522739.9010881,478128806.92334706,0.003114902940200892
2020-11-03,582522739.9010881,476029330.7623411,-0.004391026289580102
2020-11-04,582522739.9010881,478826368.8851221,0.005875768449607355
2020-11-05,582522739.9010881,477584184.009666,-0.00259422821334665
2020-11-06,582522739.9010881,478982394.44076604,0.002927673231054362
2020-11-09,582522739.9010881,475955826.71383804,-0.0063187452441997305
2020-11-10,582522739.9010881,476721755.8615351,0.0016092441876072172
2020-11-11,582522739.9010881,478828727.9727661,0.004419710418760436
2020-11-12,582522739.9010881,478909617.812169,0.00016893271994211645
2020-11-13,582522739.9010881,478715274.9261691,-0.00040580284624003315
2020-11-16,582522739.9010881,477432060.7954411,-0.002680537258657356
2020-11-17,582522739.9010881,478141748.46876603,0.001486468403782082
2020-11-18,582522739.9010881,477485833.02284414,-0.0013718012451797712
2020-11-19,582522739.9010881,476406463.9787131,-0.002260525798844837
2020-11-20,582522739.9010881,476686216.30611604,0.0005872135425422087
2020-11-23,582522739.9010881,476377340.11634105,-0.0006479654313659156
2020-11-24,582522739.9010881,476922778.86389107,0.0011449720665068774
2020-11-25,582522739.9010881,478373681.26521605,0.003042216613727833
2020-11-26,582522739.9010881,479546991.8534941,0.00245270723333868
2020-11-27,582522739.9010881,478912704.3197191,-0.0013226806643567013
2020-11-30,582522739.9010881,478579223.8695721,-0.0006963282601172294
2020-12-01,582522739.9010881,477409462.7854411,-0.002444237078811806
2020-12-01,14370283.963484567,-148665571.04347947,-75.33278552173974
2020-12-02,14370283.963484567,-157539196.2351535,0.059688501711528064
2020-12-03,14764177.427083367,-117709548.76184066,-0.25282373164999816
2020-12-04,14764177.427083367,-118080450.16303068,0.003150988217111017
2020-12-07,14764177.427083367,-114924251.0058306,-0.02672922700449054
2020-12-08,15331428.141883684,-136452411.90948033,0.18732478754686444
2020-12-09,15331428.141883684,-128242896.3348223,-0.0601639462415956
2020-12-10,15331428.141883684,-134134164.4764663,0.04593835845895766
2020-12-11,140199489.93172342,208023684.19112146,-2.5508627872924876
2020-12-14,140515347.5772861,254761247.86906213,0.22467424254923096
2020-12-15,140515347.5772861,252751742.40660012,-0.007887798789142475
2020-12-16,140515347.5772861,249144150.44251215,-0.014273262489658545
2020-12-17,140515347.5772861,260409388.18447208,0.04521574246054505
2020-12-18,140515347.5772861,266269460.9787281,0.022503308483274642
2020-12-21,141247042.46224266,179817703.61604255,-0.3246777044761887
2020-12-22,141247042.46224266,188839024.04598272,0.05016925613288348
2020-12-23,141247042.46224266,183246434.9996926,-0.02961564260641547
2020-12-24,141247042.46224266,189305905.84524667,0.03306733277274532
2020-12-25,141247042.46224266,201244109.67265862,0.06306302898532468
2020-12-28,170064199.6673929,281203531.91413087,0.39732552854110037
2020-12-29,170064199.6673929,277167675.9256209,-0.014352081430265784
2020-12-30,170064199.6673929,280207763.8326589,0.010968407109109624
2020-12-31,170064199.6673929,290644999.3919389,0.03724820260695272
2021-01-04,170064199.6673929,290942005.9670489,0.0010218877865826315
2021-01-05,170064199.6673929,290011190.0577149,-0.0031993176998973416
2021-01-06,170064199.6673929,284187026.28125685,-0.020082548453730253
2021-01-07,170064199.6673929,285042590.97164494,0.0030105691367534604
2021-01-08,170345933.82876855,218810223.75296655,-0.2323595466660172
2021-01-11,170345933.82876855,209842285.88976657,-0.0409850038512124
2021-01-12,170345933.82876855,214375672.08129454,0.021603778153224118
2021-01-13,171024704.82958022,181483766.55987227,-0.15343114823658321
2021-01-14,171024704.82958022,174697265.59700823,-0.037394534461709816
2021-01-15,171024704.82958022,170023187.49024025,-0.02675530204090404
2021-01-18,171024704.82958022,166960899.5398143,-0.01801100188526772
2021-01-19,171024704.82958022,167963183.52000228,0.006003106014345505
2021-01-20,171024704.82958022,171659680.8053642,0.022007782943228804
2021-01-21,171024704.82958022,173825926.82770616,0.012619422407048164
2021-01-22,171024704.82958022,170305876.73692423,-0.02025043188333442
2021-01-25,171024704.82958022,178675058.2762002,0.049142059567351515
2021-01-26,171024704.82958022,172546221.3090502,-0.03430158090490676
2021-01-27,171024704.82958022,166800985.28244624,-0.03329679423297016
2021-01-28,171024704.82958022,174390320.47561222,0.0454993427066086
2021-01-29,171024704.82958022,167643548.84687027,-0.03868776438016497
2021-02-01,171024704.82958022,160408569.89097625,-0.043156918388208454
2021-02-02,210843580.57557622,141273158.90365624,-0.11929169994050592
2021-02-03,210843580.57557622,148302111.24851426,0.04975433691301223
2021-02-04,210843580.57557622,141953253.26172823,-0.04281030076602932
2021-02-05,210843580.57557622,143701748.3681362,0.012317400737439588
2021-02-08,210843580.57557622,143403127.13844627,-0.002078062605925357
2021-02-09,210843580.57557622,141801333.8794502,-0.011169862826280186
2021-02-10,210843580.57557622,136335363.4708842,-0.0385466783634969
2021-02-18,210843580.57557622,133040265.55523022,-0.024169062463076152
2021-02-19,210843580.57557622,131210212.75092816,-0.013755631023919745
2021-02-22,211791457.77227208,209477910.01160407,0.5965061378968175
2021-02-23,211791457.77227208,217436278.90854812,0.037991446909620086
2021-02-24,211791457.77227208,219690134.6055281,0.010365591741605895
2021-02-25,211791457.77227208,225884579.56671205,0.02819628187813983
2021-02-26,212428562.292856,601347.1326480247,-0.9973378123739056
2021-03-01,245296466.42138413,60708202.162112035,99.95367362073253
2021-03-02,311332861.3089521,346645991.93162817,4.710035540271193
2021-03-03,311332861.3089521,353404254.09315604,0.01949614972862812
2021-03-04,311332861.3089521,372720783.1699501,0.0546584509186534
2021-03-05,311332861.3089521,363123511.27533406,-0.025749226573823725
2021-03-08,379258233.0674961,454685711.96116817,0.25215167248261205
2021-03-09,450909888.6341665,514732248.65603054,0.13206163095793633
2021-03-10,450909888.6341665,508055929.90476054,-0.012970469149158448
2021-03-11,450909888.6341665,514220543.47452044,0.01213373017989472
2021-03-12,450909888.6341665,515973742.19653237,0.0034094295614208736
2021-03-15,450909888.6341665,495814396.78336245,-0.0390704870510471
2021-03-16,450909888.6341665,497350023.2076566,0.0030971799815751044
2021-03-17,450909888.6341665,499827769.29414445,0.004981895990489038
2021-03-18,451792609.8683607,527092479.9607898,0.05454821108708807
2021-03-19,488024717.2074806,451647588.3582327,-0.1431340693917118
2021-03-22,488024717.2074806,449209622.2455037,-0.005397938958538684
2021-03-23,539146199.3414708,346944075.77460486,-0.22765662489528848
2021-03-24,539146199.3414708,356634245.3164898,0.02793006198549497
2021-03-25,539146199.3414708,363847037.15514076,0.020224619293781165
2021-03-26,539146199.3414708,352515858.13421494,-0.031142699716678823
2021-03-29,539146199.3414708,360630898.6907249,0.02302035601876473
2021-03-30,539146199.3414708,371130324.33831686,0.029114048978360563
2021-03-31,539146199.3414708,359649868.9804658,-0.030933757240989013
2021-04-01,626978311.8855743,294937752.1310732,-0.17993087842027677
2021-04-02,626978311.8855743,292342718.6325261,-0.00879858030990155
2021-04-06,626978311.8855743,288342124.53319114,-0.013684603187821054
2021-04-07,626978311.8855743,289106332.43610215,0.002650351224775749
2021-04-08,626978311.8855743,293702745.18676716,0.01589869274717781
2021-04-09,626978311.8855743,297492845.2026223,0.012904544060168721
2021-04-12,626978311.8855743,296326548.91464525,-0.003920417942094301
2021-04-13,704234039.4456375,437347372.9258003,0.475896690754412
2021-04-14,704234039.4456375,424612709.7936893,-0.029117959591063003
2021-04-15,704234039.4456375,434358887.6059875,0.022953099583461922
2021-04-16,704234039.4456375,431023361.4320603,-0.007679194023889502
2021-04-19,704234039.4456375,422585636.9296334,-0.019576025936025587
2021-04-20,704234039.4456375,429852634.63334626,0.017196508988124748
2021-04-21,704234039.4456375,429817956.2838464,-8.067497255070943e-05
2021-04-22,704234039.4456375,417368703.3279694,-0.028964013191798088
2021-04-23,704234039.4456375,416914245.25746435,-0.0010888647540683305
2021-04-26,704234039.4456375,419063244.8020614,0.00515453614032757
2021-04-27,704234039.4456375,426773532.97600645,0.018398865253828056
2021-04-28,704234039.4456375,433081644.5840544,0.014780934431570358
2021-04-29,704234039.4456375,439598817.9296724,0.015048371195406585
2021-04-30,704234039.4456375,441550121.6568754,0.004438828421770458
2021-05-06,704234039.4456375,442692509.9469784,0.002587222229305075
2021-05-07,704234039.4456375,449191377.07502836,0.01468031869079578
2021-05-10,704234039.4456375,456360880.1858444,0.01596090992997512
2021-05-11,704234039.4456375,457408850.1593224,0.002296362416189579
2021-05-12,790895217.1864214,742547868.9296633,0.6233788844947419
2021-05-13,791269489.9861705,793994633.5469204,0.06928410513306638
2021-05-14,791269489.9861705,788891952.0425435,-0.006426594448859513
2021-05-17,841223469.6433078,1059225729.8022648,0.342675289131537
2021-05-18,841223469.6433078,1060407273.9279778,0.0011154790640646173
2021-05-19,841223469.6433078,1059081978.6233405,-0.00124979839088446
2021-05-20,841223469.6433078,1059053688.4718146,-2.6711956295000228e-05
2021-05-21,841223469.6433078,1065635576.1691685,0.0062148763268568
2021-05-24,841223469.6433078,1070207134.1729167,0.004289982528719927
2021-05-25,841223469.6433078,1068000449.5333575,-0.0020619229391182214
2021-05-26,841223469.6433078,1069082329.7635437,0.0010129960438303165
2021-05-27,841808374.2077522,1045875161.6844181,-0.021707559308606794
2021-05-28,841808374.2077522,1047547450.5815291,0.0015989373860048062
2021-05-31,841808374.2077522,1038956758.109799,-0.008200766912239699
2021-06-01,841808374.2077522,1042497385.3667752,0.0034078677763429432
2021-06-02,841808374.2077522,1042664604.9199331,0.00016040285136931232
2021-06-03,841808374.2077522,1047323121.957187,0.004467896018788942
2021-06-04,860734840.0868924,1010710582.7987381,-0.034958207635127136
2021-06-07,860734840.0868924,1010198854.8601202,-0.0005063051157542242
2021-06-08,861297586.8071208,937252616.8632365,-0.07220978092178132
2021-06-09,861297586.8071208,928377342.0379347,-0.009469458570310896
2021-06-10,861297586.8071208,933623069.0017048,0.005650425453356034
2021-06-11,861297586.8071208,931364446.8505057,-0.002419201309597274
2021-06-15,861297586.8071208,937704126.9160967,0.006806873600371244
2021-06-16,861297586.8071208,936129158.2582657,-0.0016796008598263246
2021-06-17,861297586.8071208,934052915.4609816,-0.0022179020693545715
2021-06-18,862191788.316429,720822541.5438931,-0.2282851114616491
2021-06-21,862191788.316429,710526605.3260919,-0.01428359356763298
2021-06-22,862191788.316429,725969135.7201858,0.02173392280927544
2021-06-23,862191788.316429,692692638.8604178,-0.045837343796656715
2021-06-24,862191788.316429,706660507.8587657,0.020164598574812453
2021-06-25,862191788.316429,724221172.6943899,0.024850213985827985
2021-06-28,862191788.316429,710703774.4407969,-0.018664737739305548
2021-06-29,904141107.776973,839940157.8919958,0.18184282692586806
2021-06-30,904141107.776973,835562063.3988129,-0.005212388587504391
2021-07-01,975434208.593793,1124885189.7056007,0.34626168298008797
2021-07-02,975434208.593793,1126203040.3159995,0.0011715423249047952
2021-07-05,975434208.593793,1127586174.500681,0.0012281392743296315
2021-07-06,975434208.593793,1126898516.4388225,-0.0006098496748268012
2021-07-07,975434208.593793,1127245377.7952955,0.0003078017686712897
2021-07-08,975434208.593793,1132130090.0806499,0.004333317644564794
2021-07-09,1008173063.6342529,1027790731.2179148,-0.09216198719292246
2021-07-12,1008173063.6342529,1021750831.5240158,-0.005876585096989406
2021-07-13,1008173063.6342529,1021979662.2656547,0.00022395943764252912
2021-07-14,1008173063.6342529,1020214668.4941049,-0.0017270341443360593
2021-07-15,1054838190.5342547,1091974941.9285145,0.0703384058771983
2021-07-16,1054838190.5342547,1102446646.7754116,0.009589693357251683
2021-07-19,1123786034.5348954,959229493.6407378,-0.12990846636757902
2021-07-20,1123786034.5348954,920071464.9828666,-0.04082237766610741
2021-07-21,1123786034.5348954,927478042.2982987,0.008050002198003225
2021-07-22,1123786034.5348954,933051620.8230188,0.006009391350019211
2021-07-23,1123786034.5348954,945380854.4950897,0.013213881629824176
2021-07-26,1123786034.5348954,937707882.6692017,-0.0081162758790857
2021-07-27,1124423387.8632183,933799890.3969133,-0.004167600960295115
2021-07-28,1125035331.720147,909441907.339033,-0.026084799653946056
2021-07-29,1125035331.720147,895839457.25055,-0.014956920259242112
2021-07-30,1125035331.720147,894063559.161362,-0.0019823843154200826
2021-08-02,1125035331.720147,888550051.805309,-0.0061667957490905145
2021-08-03,1125035331.720147,907406685.706099,0.021221802713845994
2021-08-04,1125035331.720147,894731610.0545639,-0.013968461827754797
2021-08-05,1125258788.9582794,896830309.3238984,0.002345618781934622
2021-08-06,1125361945.5165074,881921206.4144324,-0.016624218377170652
2021-08-09,1125361945.5165074,885974203.3134954,0.004595645131996617
2021-08-10,1125539981.1525974,874449199.7423154,-0.013008283455745229
2021-08-11,1126024378.4764695,748276452.3913935,-0.1442882529803935
2021-08-12,1126024378.4764695,723281830.7248433,-0.033402924262377565
2021-08-13,1126024378.4764695,750442565.0259556,0.0375520760336161
2021-08-16,1126024378.4764695,714895474.2201815,-0.04736816974733382
2021-08-17,1126024378.4764695,756286932.9622526,0.05789861627984361
2021-08-18,1126024378.4764695,755750424.2253543,-0.000709398395655092
2021-08-19,1126024378.4764695,767931890.6698827,0.016118371957269284
2021-08-20,1126024378.4764695,770621272.4123145,0.0035021097249730015
2021-08-23,1126024378.4764695,772724098.6544665,0.00272874149394986
2021-08-24,1126024378.4764695,752984557.5412505,-0.02554539343031781
2021-08-25,1126024378.4764695,761211670.9508945,0.010926005490083712
2021-08-26,1126024378.4764695,771797702.4801165,0.013906817161641882
2021-08-27,1126024378.4764695,755080240.3013775,-0.021660419725296642
2021-08-30,1126024378.4764695,736935004.1826594,-0.024030871356765737
2021-08-31,1126024378.4764695,737044196.3219665,0.00014817065099004267
2021-09-01,1126024378.4764695,803396204.0152254,0.09002446260939556
2021-09-02,1126024378.4764695,805732561.5416025,0.002908101276431818
2021-09-03,1126024378.4764695,797240803.1691904,-0.010539177361983287
2021-09-06,1126024378.4764695,810772595.3636683,0.01697328102210327
2021-09-07,1126024378.4764695,813079603.6234286,0.002845444299613309
2021-09-08,1126024378.4764695,809777064.7145195,-0.004061765778149651
2021-09-09,1126024378.4764695,827985900.1420593,0.022486232595336775
2021-09-10,1126024378.4764695,825757935.9716203,-0.0026908238051599476
2021-09-13,1126024378.4764695,834719608.8707174,0.010852663363813075
2021-09-14,1126024378.4764695,824320065.8703215,-0.012458726127765551
2021-09-15,1126024378.4764695,808129489.4235184,-0.019641128630914717
2021-09-16,1126024378.4764695,830454824.9066805,0.02762593838654226
2021-09-17,1126024378.4764695,820188758.8276964,-0.012361980171693987
2021-09-22,1126024378.4764695,815037006.4332266,-0.0062811789835224285
2021-09-23,1126024378.4764695,802581598.4021133,-0.015282015335255417
2021-09-24,1126024378.4764695,808015817.9659446,0.006770924694324609
2021-09-27,1126024378.4764695,826524972.1176234,0.022906920557907773
2021-09-28,1126024378.4764695,820857908.7729703,-0.0068564937973182305
2021-09-29,1126024378.4764695,831658549.0800964,0.013157746537730164
2021-09-30,1126024378.4764695,819143982.9436294,-0.015047721387953517
2021-10-08,1126024378.4764695,811940734.9684286,-0.008793628623524286
2021-10-11,1126024378.4764695,825689463.4174145,0.016933167479915356
2021-10-12,1126024378.4764695,829511917.9125144,0.00462940931725031
2021-10-13,1126024378.4764695,828499547.2523835,-0.0012204413683152282
2021-10-14,1126024378.4764695,823610459.1832935,-0.005901135474731478
2021-10-15,1126024378.4764695,832043309.9744686,0.010238882589637344
2021-10-18,1126024378.4764695,829383379.3180734,-0.003196865625272327
2021-10-19,1126024378.4764695,820416667.0934166,-0.010811299633264104
2021-10-20,1126024378.4764695,813024055.5116774,-0.009010801313837025
2021-10-21,1126024378.4764695,813442325.7070227,0.0005144622628441287
2021-10-22,1126024378.4764695,825742850.0974004,0.015121569165566173
2021-10-25,1126024378.4764695,801456449.7091714,-0.029411578175172037
2021-10-26,1126024378.4764695,803387173.5552615,0.0024090190387646704
2021-10-27,1126315673.46628,916665942.7854819,0.14100146599170027
2021-10-28,1126315673.46628,922193332.8387465,0.006029884819837905
2021-10-29,1126315673.46628,925410849.3745898,0.0034889826474227004
2021-11-01,1126315673.46628,925086480.8773689,-0.00035051296128640885
2021-11-01,12679451.917320762,-10546970.009114755,-6.273485004557378
2021-11-02,12679451.917320762,-10908765.844570184,0.03430329612606875
2021-11-03,12679451.917320762,-10036042.755685767,-0.08000200034716243
2021-11-04,12679451.917320762,-10370086.42939903,0.03328440121720444
2021-11-05,12679451.917320762,-8056452.146253811,-0.22310655739436291
2021-11-08,12679451.917320762,-7777340.706284409,-0.03464446072570371
2021-11-09,12679451.917320762,-6486468.472170314,-0.16597861439592299
2021-11-10,12679451.917320762,-5289159.282720221,-0.18458567933954417
2021-11-11,12679451.917320762,-1632650.1872149576,-0.6913214180278413
2021-11-12,13700968.50926584,1034947.8053168412,-1.633906646641984
2021-11-15,13700968.50926584,-3630578.017373981,-4.507981753980827
2021-11-16,201742574.0610139,167353885.2956462,-47.09565873389336
2021-11-17,201742574.0610139,160527076.18861318,-0.04079265381244557
2021-11-18,201742574.0610139,158556317.66810805,-0.012276798203124106
2021-11-19,201742574.0610139,159799508.0182473,0.007840686315265799
2021-11-22,201742574.0610139,158132771.9101102,-0.010430170460517196
2021-11-23,259436831.62795708,206832289.471529,0.3079660020700947
2021-11-24,259436831.62795708,209499004.02429745,0.01289312495443573
2021-11-25,259436831.62795708,211744911.562208,0.010720373341966294
2021-11-26,259436831.62795708,209775466.32549614,-0.009301027458849975
2021-11-29,259436831.62795708,209681292.170463,-0.00044892835507759354
2021-11-30,259436831.62795708,210425694.41970393,0.00355016053905155
2021-12-01,259436831.62795708,211324056.3750713,0.004269259787141433
2021-12-02,259436831.62795708,210921502.67235377,-0.0019049118667447962
2021-12-03,259436831.62795708,211846812.4556299,0.0043869864928540725
2021-12-06,259436831.62795708,209573361.99315816,-0.010731577388958247
2021-12-07,259436831.62795708,214339050.57455266,0.022739953857065398
2021-12-08,259436831.62795708,209540376.2398556,-0.022388241068689307
2021-12-09,259436831.62795708,213876526.3324727,0.020693625593444676
2021-12-10,259436831.62795708,215018602.77131313,0.005339886795547866
2021-12-13,259436831.62795708,209746359.73536268,-0.02451993905642591
2021-12-14,259436831.62795708,212361635.4024296,0.012468753547697498
2021-12-15,259436831.62795708,208071473.29847363,-0.020202152313557153
2021-12-16,259436831.62795708,207972132.90094095,-0.00047743400841004924
2021-12-17,259436831.62795708,209345674.33151418,0.006604449410669178
2021-12-20,259840120.5280471,210615796.28638616,0.00606710388895193
2021-12-21,259840120.5280471,211208115.68616742,0.0028123218211792977
2021-12-22,316560345.413727,257901814.46987507,0.22107909363241274
2021-12-23,316560345.413727,254067471.68185404,-0.01486745176997939
2021-12-24,316560345.413727,257938478.69505188,0.01523613781635591
2021-12-27,316560345.413727,256666953.9443828,-0.004929565984501116
2021-12-28,316560345.413727,251458957.67236772,-0.02029087185545353
2021-12-29,316560345.413727,247261002.58104205,-0.016694394704344973
2021-12-30,337244218.4248587,-5208236581.773921,-22.063720228453228
2021-12-31,337244218.4248587,-5242565578.338324,0.006591289782137855
2022-01-04,337244218.4248587,-5331504006.934508,0.016964676410280433
2022-01-05,337244218.4248587,-5250032286.895544,-0.015281188935241663
2022-01-06,337244218.4248587,-5191692203.4183235,-0.011112328513262937
2022-01-07,337244218.4248587,-5041802455.221115,-0.028871077545490453
2022-01-10,337670527.45896024,-30650375.84669157,-0.9939207503429749
2022-01-11,337670527.45896024,-25624093.39597038,-0.16398762859750482
2022-01-12,337670527.45896024,-33342773.177158676,0.301227429275688
2022-01-13,337670527.45896024,-39097241.22390406,0.1725851660919271
2022-01-14,337670527.45896024,-45026630.51386034,0.1516574853964645
2022-01-17,373851462.8562641,-5489330057.082172,120.91296560359802
2022-01-18,373851462.8562641,-5481097530.970067,-0.0014997323947544272
2022-01-19,487093219.3618221,-5629195640.622844,0.02701979098455598
2022-01-20,487666568.7179151,-587745912.6599063,-0.8955897165096797
2022-01-21,487666568.7179151,-596473730.939171,0.014849645214487284
2022-01-24,487666568.7179151,-597038428.7321857,0.0009467270119769555
2022-01-25,487666568.7179151,-548801701.0854766,-0.08079333812588918
2022-01-26,487666568.7179151,-558830614.1480218,0.018274201852342964
2022-01-27,487980876.6223514,-446652699.3312011,-0.20073688158234526
2022-01-28,487980876.6223514,-460724812.3917959,0.03150571592126461
2022-02-07,487980876.6223514,-462495002.72647876,0.0038421858060848635
2022-02-08,487980876.6223514,-503216190.06626457,0.08804676180224269
2022-02-09,487980876.6223514,-541835303.297991,0.07674457617637653
2022-02-10,531878766.49830145,-5350026110.939853,8.873897249543964
2022-02-11,531878766.49830145,-5226104829.320135,-0.023162743330601754
2022-02-14,531878766.49830145,-5125742846.075656,-0.019203974379047306
2022-02-15,531878766.49830145,-5122699709.990361,-0.0005936965970941843
2022-02-16,531878766.49830145,-5127592748.063355,0.0009551678509382988
2022-02-17,531878766.49830145,-5008034800.0625305,-0.0233165841897216
2022-02-18,531878766.49830145,-5569286128.38362,0.11207017337700642
2022-02-21,531878766.49830145,-6202414867.134718,0.11368220704703691
2022-02-22,531878766.49830145,-6903955166.447014,0.11310760636628947
2022-02-23,531878766.49830145,-7030194696.393574,0.018285102800215114
2022-02-24,531878766.49830145,-6277012033.805659,-0.10713539170889397
2022-02-25,531878766.49830145,-6053176868.443225,-0.0356595087211784
2022-02-28,531878766.49830145,-6014547501.63541,-0.006381668278883312
2022-03-01,531878766.49830145,-6459544685.355732,0.07398681007994745
2022-03-02,531878766.49830145,-6316016620.113693,-0.022219532836025957
2022-03-03,531878766.49830145,-6124593398.023605,-0.030307586823076216
2022-03-04,531878766.49830145,-5910269071.349078,-0.034994049848874775
2022-03-07,531878766.49830145,-5973787561.331973,0.01074714014135325
2022-03-08,531878766.49830145,-6639997058.697521,0.11152212738161116
2022-03-09,531878766.49830145,-6933852875.045744,0.044255413632045215
2022-03-10,531878766.49830145,-6614519442.335997,-0.046054255615805895
2022-03-11,531878766.49830145,-6656225736.794705,0.00630526447496238
2022-03-14,531878766.49830145,-6781616593.713518,0.01883813167958981
2022-03-15,531878766.49830145,-6098582944.46835,-0.10071841128239722
2022-03-16,531878766.49830145,-6773430581.125343,0.11065646606792567
2022-03-17,531878766.49830145,-7166035209.674378,0.0579624495810227
2022-03-18,531878766.49830145,-7033181366.230476,-0.018539379106670473
2022-03-21,531878766.49830145,-7809075544.043517,0.11031909137712037
2022-03-22,531878766.49830145,-7613561654.175717,-0.02503675227177571
2022-03-23,571721070.8108314,-7164121687.034645,-0.05903150030900106
2022-03-24,571721070.8108314,-6884662515.144488,-0.03900815537456759
2022-03-25,571721070.8108314,-6904743806.759755,0.002916815685749752
2022-03-28,642295200.3548065,-6922151703.158531,0.0025211502245359174
2022-03-29,803864035.7122947,-6303531227.437417,-0.08936823436545627
2022-03-30,803864035.7122947,-6377190683.626771,0.011685427347251975
2022-03-31,803864035.7122947,-6616297469.697307,0.03749406250066101
2022-04-01,804434693.1659924,-6275435695.721595,-0.05151850797774149
2022-04-06,804434693.1659924,-6272768128.843285,-0.00042508074461333756
2022-04-07,804841636.4877416,-5767121731.989384,-0.08060977011550141
2022-04-08,824739173.1190025,-5927569830.310935,0.02782117419709884
2022-04-11,824739173.1190025,-5960934855.290537,0.005628786490036397
2022-04-12,824739173.1190025,-5605409535.391679,-0.05964254408573466
2022-04-13,825490615.7570255,-5267446173.368819,-0.060292358638385224
2022-04-14,825490615.7570255,-5276385717.004024,0.001697130514669798
2022-04-15,825490615.7570255,-5220544459.268426,-0.010583240257746929
2022-04-18,825490615.7570255,-5188060442.95995,-0.006222342623824262
2022-04-19,825490615.7570255,-5362983799.722575,0.03371652252047119
2022-04-20,825490615.7570255,-5997908327.901585,0.11839016336611974
2022-04-21,826133995.9114301,-5372847768.0345,-0.10421308991325762
2022-04-22,826133995.9114301,-5315836520.159117,-0.010610992594014879
2022-04-25,826133995.9114301,-4705310331.367794,-0.11485044479378537
2022-04-26,826133995.9114301,-4270807715.611329,-0.09234303056694637
2022-04-27,873326471.108629,-4587608718.294375,0.07417824069321255
2022-04-28,937538440.9690858,-4293057819.2002935,-0.0642057588563466
2022-04-29,937538440.9690858,-4514799776.854684,0.051651286097911475
2022-05-05,937538440.9690858,-4590398159.109614,0.01674457030021337
2022-05-06,937538440.9690858,-4651385933.4740095,0.013285944323449428
2022-05-09,937538440.9690858,-4759488969.633664,0.02324103776934172
2022-05-10,937538440.9690858,-5041526680.083009,0.05925798173896246
2022-05-11,937538440.9690858,-5077911443.871192,0.007217013039308995
2022-05-12,937538440.9690858,-5153619035.238245,0.014909198831820625
2022-05-13,937538440.9690858,-5121061140.466664,-0.00631748186060388
2022-05-16,937538440.9690858,-5264688804.930942,0.028046465473597015
2022-05-17,937538440.9690858,-5079924996.004752,-0.03509491553482491
2022-05-18,937538440.9690858,-5084866922.371946,0.000972834514501919
2022-05-19,937538440.9690858,-5050319251.73381,-0.00679421333253305
2022-05-20,937538440.9690858,-5080823209.555167,0.006040005849310415
2022-05-23,937538440.9690858,-5152518581.571535,0.01411097553670726
2022-05-24,937538440.9690858,-4763391627.360387,-0.07552169837929301
2022-05-25,937538440.9690858,-4892337293.240762,0.02707013740791875
2022-05-26,937538440.9690858,-4863269868.643495,-0.005941418764692785
2022-05-27,973222583.8949977,-4857406525.615209,-0.001205638014474708
2022-05-30,973222583.8949977,-5065764717.250022,0.04289494620968015
2022-05-31,973222583.8949977,-5053300153.981331,-0.002460549189394201
2022-06-01,973222583.8949977,-4999681667.437417,-0.01061058811273452
2022-06-02,973222583.8949977,-5136380707.342005,0.027341548721971476
2022-06-06,973527912.5969899,-5331796603.106395,0.038045446180626774
2022-06-07,973527912.5969899,-5158222920.388445,-0.032554445647236974
2022-06-08,973527912.5969899,-5097790670.088585,-0.011715711250282479
2022-06-09,973527912.5969899,-4896058455.142267,-0.039572479138852534
2022-06-10,973527912.5969899,-4933374513.018228,0.007621652849501448
2022-06-13,973527912.5969899,-4909766142.052148,-0.004785440656042139
2022-06-14,973527912.5969899,-4867491854.128813,-0.008610244704173597
2022-06-15,973527912.5969899,-4924214638.601436,0.011653390734389868
2022-06-16,973527912.5969899,-5029241443.4798975,0.021328640724785908
2022-06-17,973527912.5969899,-4923614659.59061,-0.021002527931170745
2022-06-20,973527912.5969899,-4913815471.338359,-0.0019902427240447995
2022-06-21,973527912.5969899,-4950682532.522944,0.007502736193417681
2022-06-22,973527912.5969899,-4795238625.759799,-0.03139848005643153
2022-06-23,973527912.5969899,-5005894124.729729,0.043930138917028794
2022-06-24,973527912.5969899,-5413616535.095354,0.0814484685865462
2022-06-27,973527912.5969899,-5331500620.105245,-0.015168402574834983
2022-06-28,973527912.5969899,-5359759900.815016,0.005300436541862963
2022-06-29,973527912.5969899,-5425525197.992905,0.012270194634630638
2022-06-30,973527912.5969899,-5324792554.73355,-0.018566431743164524
2022-07-01,973527912.5969899,-5249448945.9263935,-0.014149585741171977
2022-07-04,973527912.5969899,-5272246806.036807,0.004342905387832108
2022-07-05,973527912.5969899,-5167400960.221382,-0.01988636907046437
2022-07-06,973527912.5969899,-5045569802.804749,-0.02357687323946589
2022-07-07,973527912.5969899,-5048634921.707232,0.0006074871664207837
2022-07-08,973527912.5969899,-5082575817.742739,0.00672278676550242
2022-07-11,973527912.5969899,-5257103604.178016,0.03433845213405751
2022-07-12,973527912.5969899,-5166829690.317277,-0.017171796612300838
2022-07-13,973527912.5969899,-5185687612.935305,0.0036498053445361833
2022-07-14,973527912.5969899,-5162598626.474336,-0.004452444532789701
2022-07-15,973527912.5969899,-5210872095.75342,0.009350614442798832
2022-07-18,973527912.5969899,-5363798173.377054,0.02934750168753153
2022-07-19,973527912.5969899,-5413859003.68314,0.009333093581813001
2022-07-20,973527912.5969899,-5528565800.0987835,0.021187621683092628
2022-07-21,973527912.5969899,-5455996586.241397,-0.013126227756227515
2022-07-22,973527912.5969899,-5395957382.2334795,-0.011004259819245577
2022-07-25,973527912.5969899,-5323641721.117804,-0.013401822140734376
2022-07-26,973527912.5969899,-5590779586.826578,0.050179534931716674
2022-07-27,1007591545.9742851,-5539832647.709413,-0.009112671734942013
2022-07-28,1007591545.9742851,-5496549324.057666,-0.007813110323764638
2022-07-29,1007591545.9742851,-5507187457.760258,0.0019354204020385346
2022-08-01,1007961505.1704695,-5490952654.257775,-0.0029479300690238297
2022-08-02,1062564994.0447215,-5024273196.78946,-0.08499061763106697
2022-08-03,1062564994.0447215,-5118406046.000366,0.018735615187298604
2022-08-04,1062564994.0447215,-5175183336.417383,0.011092767925550584
2022-08-05,1062564994.0447215,-5324137207.450753,0.028782337040157202
2022-08-08,1062564994.0447215,-5370460615.115572,0.008700641223143624
2022-08-09,1063019520.2726465,-5299189214.989831,-0.013271003221798527
2022-08-10,1085971278.3880227,-5295438698.1674385,-0.0007077529543166872
2022-08-11,1085971278.3880227,-5382583691.358402,0.016456614486184407
2022-08-12,1085971278.3880227,-5366811707.234899,-0.0029301883682413266
2022-08-15,1086420051.9093223,-5231458581.924788,-0.02522039763900108
2022-08-16,1086420051.9093223,-5170297758.279117,-0.011690969676600105
2022-08-17,1086420051.9093223,-5131138026.86271,-0.007573979922858576
2022-08-18,1086420051.9093223,-5070704049.873076,-0.011777889558465926
2022-08-19,1086420051.9093223,-5033123488.582469,-0.007411310327122722
2022-08-22,1086420051.9093223,-5068096584.286648,0.006948586853375405
2022-08-23,1086420051.9093223,-5013780252.02185,-0.010717304092665247
2022-08-24,1086420051.9093223,-4858364315.277576,-0.030997755970976315
2022-08-25,1086420051.9093223,-4816929199.78021,-0.008528614325416184
2022-08-26,1086420051.9093223,-4793210353.074595,-0.004924059649184076
2022-08-29,1086420051.9093223,-4720638569.925181,-0.015140537928376774
2022-08-30,1086420051.9093223,-4669523164.41331,-0.01082807013388476
2022-08-31,1086420051.9093223,-4482672745.817755,-0.04001488203753922
2022-09-01,1086635569.0609875,-4407944149.029375,-0.016670544790069686
2022-09-02,1086635569.0609875,-4496611019.706992,0.020115243678198835
2022-09-05,1086635569.0609875,-4460450745.141178,-0.008041672808107414
2022-09-06,1086635569.0609875,-4516107488.599053,0.012477829402892215
2022-09-07,1086635569.0609875,-4551164299.594112,0.0077626166081210535
2022-09-08,1086635569.0609875,-4460308389.31051,-0.019963223540777397
2022-09-09,1086635569.0609875,-4486330383.912491,0.005834124533708351
2022-09-13,1086635569.0609875,-4522106761.581032,0.007974530319218465
2022-09-14,1086635569.0609875,-4473101194.224665,-0.010836888631800767
2022-09-15,1086635569.0609875,-4381012493.568678,-0.020587216040380385
2022-09-16,1087122116.1889708,689293952.8772433,-1.1573366781969068
2022-09-19,1087122116.1889708,698364796.1569418,0.01315961534528931
2022-09-20,1087122116.1889708,698045194.8815081,-0.0004576423055577816
2022-09-21,1087122116.1889708,691773504.4041154,-0.008984648162297382
2022-09-22,1087122116.1889708,688617763.3078066,-0.004561812610945792
2022-09-23,1087307202.2021122,697451645.1614628,0.012828425760065043
2022-09-26,1087307202.2021122,699770271.7193915,0.0033244262509293243
2022-09-27,1087307202.2021122,696585190.9058315,-0.004551609209882512
2022-09-28,1087307202.2021122,707511766.0870038,0.015685913688408437
2022-09-29,1087307202.2021122,707667709.11299,0.00022041050546572905
2022-09-30,1087307202.2021122,715372042.2895817,0.010886936167044281
